id,url
picture1,https://raw.githubusercontent.com/kampax/Fotos/main/Fauna_Flora/1233851581.jpg
picture2,https://raw.githubusercontent.com/kampax/Fotos/main/Fauna_Flora/13664654425.jpg
picture3,https://raw.githubusercontent.com/kampax/Fotos/main/Fauna_Flora/14350896135.jpg
picture4,https://raw.githubusercontent.com/kampax/Fotos/main/Fauna_Flora/14697332068.jpg
picture5,https://raw.githubusercontent.com/kampax/Fotos/main/Fauna_Flora/15440023779.jpg
picture6,https://raw.githubusercontent.com/kampax/Fotos/main/Fauna_Flora/17637449584.jpg
picture7,https://raw.githubusercontent.com/kampax/Fotos/main/Fauna_Flora/31479224925.jpg
picture8,https://raw.githubusercontent.com/kampax/Fotos/main/Fauna_Flora/33703008213.jpg
picture9,https://raw.githubusercontent.com/kampax/Fotos/main/Fauna_Flora/5038500204.jpg
picture10,https://raw.githubusercontent.com/kampax/Fotos/main/Fauna_Flora/6329896558.jpg
picture11,https://raw.githubusercontent.com/kampax/Fotos/main/Fauna_Flora/6341224124.jpg
picture12,https://raw.githubusercontent.com/kampax/Fotos/main/Fauna_Flora/6701071451.jpg
picture13,https://raw.githubusercontent.com/kampax/Fotos/main/Fauna_Flora/8054589889.jpg
picture14,https://raw.githubusercontent.com/kampax/Fotos/main/Fauna_Flora/8190678347.jpg
picture15,https://raw.githubusercontent.com/kampax/Fotos/main/Fauna_Flora/8367414681.jpg
picture16,https://raw.githubusercontent.com/kampax/Fotos/main/Fauna_Flora/9079710662.jpg
picture17,https://raw.githubusercontent.com/kampax/Fotos/main/Fauna_Flora/9669965355.jpg
picture18,https://raw.githubusercontent.com/kampax/Fotos/main/Fauna_Flora/aiguestortes_NA_1049_51457629770__b.jpg
picture19,https://raw.githubusercontent.com/kampax/Fotos/main/Fauna_Flora/aiguestortes_NA_1050_31015439863__b.jpg
picture20,https://raw.githubusercontent.com/kampax/Fotos/main/Fauna_Flora/aiguestortes_NA_1220_52184093823__b.jpg
picture21,https://raw.githubusercontent.com/kampax/Fotos/main/Fauna_Flora/aiguestortes_NA_1334_37283525342__b.jpg
picture22,https://raw.githubusercontent.com/kampax/Fotos/main/Fauna_Flora/aiguestortes_NA_1334_50033463172__b.jpg
picture23,https://raw.githubusercontent.com/kampax/Fotos/main/Fauna_Flora/aiguestortes_NA_1359_50263492162__b.jpg
picture24,https://raw.githubusercontent.com/kampax/Fotos/main/Fauna_Flora/aiguestortes_NA_1647_28229580181__b.jpg
picture25,https://raw.githubusercontent.com/kampax/Fotos/main/Fauna_Flora/aiguestortes_NA_1849_18694507532__b.jpg
picture26,https://raw.githubusercontent.com/kampax/Fotos/main/Fauna_Flora/aiguestortes_NA_2006_42974922830__b.jpg
picture27,https://raw.githubusercontent.com/kampax/Fotos/main/Fauna_Flora/aiguestortes_NA_4458_49816410521__b.jpg
picture28,https://raw.githubusercontent.com/kampax/Fotos/main/Fauna_Flora/guadarrama_1_251283_1449281894286340100_image_FBziLSsXsAEgCwj.jpg
picture29,https://raw.githubusercontent.com/kampax/Fotos/main/Fauna_Flora/guadarrama_1_407382_1064123138412343298_image_DsSGTs4XQAEzgrm.jpg
picture30,https://raw.githubusercontent.com/kampax/Fotos/main/Fauna_Flora/guadarrama_NA_1041_22448817476__b.jpg
picture31,https://raw.githubusercontent.com/kampax/Fotos/main/Fauna_Flora/guadarrama_NA_1448_42693046515__b.jpg
picture32,https://raw.githubusercontent.com/kampax/Fotos/main/Fauna_Flora/guadarrama_NA_1489_19970898092__b.jpg
picture33,https://raw.githubusercontent.com/kampax/Fotos/main/Fauna_Flora/guadarrama_NA_1523_52350216431__b.jpg
picture34,https://raw.githubusercontent.com/kampax/Fotos/main/Fauna_Flora/ordesa_2_188644_1535899098942930945_image_FVCcDBFWUAAQfsW.jpg
picture35,https://raw.githubusercontent.com/kampax/Fotos/main/Fauna_Flora/ordesa_5_299870_1270387163105017859_image_EaFSXl6WAAIXLb-.jpg
picture36,https://raw.githubusercontent.com/kampax/Fotos/main/Fauna_Flora/ordesa_5_310933_1534284156351438849_image_FUrfTg2WUAI63Vr.jpg
picture37,https://raw.githubusercontent.com/kampax/Fotos/main/Fauna_Flora/peneda_1_343086_1440235577446522892_image_E_y-kxYUYAkdppN.jpg
picture38,https://raw.githubusercontent.com/kampax/Fotos/main/Fauna_Flora/peneda_2_235009_883430465809645569_image_DEKTTfrXkAApnv3.jpg
picture39,https://raw.githubusercontent.com/kampax/Fotos/main/Fauna_Flora/picos_1_320358_1019524093631254528_image_DiYTugKX4AEV1Qa.jpg
picture40,https://raw.githubusercontent.com/kampax/Fotos/main/Fauna_Flora/picos_1_326635_1508394657666981888_image_FO7k3loXMAU_FdJ.jpg
picture41,https://raw.githubusercontent.com/kampax/Fotos/main/Fauna_Flora/snev_NA_1507_53130721898__b.jpg
picture42,https://raw.githubusercontent.com/kampax/Fotos/main/Fauna_Flora/snev_NA_1603_53691971070__b.jpg
picture43,https://raw.githubusercontent.com/kampax/Fotos/main/Fauna_Flora/snev_NA_2188_53522395938__b.jpg
picture44,https://raw.githubusercontent.com/kampax/Fotos/main/Fauna_Flora/snev_NA_2197_52965863852__b.jpg
picture45,https://raw.githubusercontent.com/kampax/Fotos/main/Fauna_Flora/snev_NA_3263_52979330553__b.jpg
picture46,https://raw.githubusercontent.com/kampax/Fotos/main/Fauna_Flora/snev_NA_3361_52978276342__b.jpg
picture47,https://raw.githubusercontent.com/kampax/Fotos/main/Fauna_Flora/snev_NA_3361_52978796893__b.jpg
picture48,https://raw.githubusercontent.com/kampax/Fotos/main/Fauna_Flora/snev_NA_646_53623255664__b.jpg
picture49,https://raw.githubusercontent.com/kampax/Fotos/main/Gastronomy/26764384083.jpg
picture50,https://raw.githubusercontent.com/kampax/Fotos/main/Gastronomy/4176681207.jpg
picture51,https://raw.githubusercontent.com/kampax/Fotos/main/Gastronomy/4324272833.jpg
picture52,https://raw.githubusercontent.com/kampax/Fotos/main/Gastronomy/5497716132.jpg
picture53,https://raw.githubusercontent.com/kampax/Fotos/main/Gastronomy/6859691522.jpg
picture54,https://raw.githubusercontent.com/kampax/Fotos/main/Gastronomy/8611606630.jpg
picture55,https://raw.githubusercontent.com/kampax/Fotos/main/Gastronomy/aiguestortes_NA_1619_28257029093__b.jpg
picture56,https://raw.githubusercontent.com/kampax/Fotos/main/Gastronomy/aiguestortes_NA_1619_28872141275__b.jpg
picture57,https://raw.githubusercontent.com/kampax/Fotos/main/Gastronomy/aiguestortes_NA_1619_30202309588__b.jpg
picture58,https://raw.githubusercontent.com/kampax/Fotos/main/Gastronomy/aiguestortes_NA_1619_43105383404__b.jpg
picture59,https://raw.githubusercontent.com/kampax/Fotos/main/Gastronomy/aiguestortes_NA_3863_51439981880__b.jpg
picture60,https://raw.githubusercontent.com/kampax/Fotos/main/Gastronomy/granada_NA_1460_48361690652__b.jpg
picture61,https://raw.githubusercontent.com/kampax/Fotos/main/Gastronomy/granada_NA_1460_50870753176__b.jpg
picture62,https://raw.githubusercontent.com/kampax/Fotos/main/Gastronomy/granada_NA_1513_30922970222__b.jpg
picture63,https://raw.githubusercontent.com/kampax/Fotos/main/Gastronomy/granada_NA_1513_31018283416__b.jpg
picture64,https://raw.githubusercontent.com/kampax/Fotos/main/Gastronomy/granada_NA_1513_31020438156__b.jpg
picture65,https://raw.githubusercontent.com/kampax/Fotos/main/Gastronomy/granada_NA_1515_32112058180__b.jpg
picture66,https://raw.githubusercontent.com/kampax/Fotos/main/Gastronomy/granada_NA_1515_34525785270__b.jpg
picture67,https://raw.githubusercontent.com/kampax/Fotos/main/Gastronomy/granada_NA_1567_48044793063__b.jpg
picture68,https://raw.githubusercontent.com/kampax/Fotos/main/Gastronomy/granada_NA_1568_22120873236__b.jpg
picture69,https://raw.githubusercontent.com/kampax/Fotos/main/Gastronomy/granada_NA_1569_17148388616__b.jpg
picture70,https://raw.githubusercontent.com/kampax/Fotos/main/Gastronomy/granada_NA_1569_17217832330__b.jpg
picture71,https://raw.githubusercontent.com/kampax/Fotos/main/Gastronomy/granada_NA_1569_28251972920__b.jpg
picture72,https://raw.githubusercontent.com/kampax/Fotos/main/Gastronomy/granada_NA_1569_37341034476__b.jpg
picture73,https://raw.githubusercontent.com/kampax/Fotos/main/Gastronomy/guadarrama_1_318396_1437090712651239429_image_E_GSYYTXoAMUVdX.jpg
picture74,https://raw.githubusercontent.com/kampax/Fotos/main/Gastronomy/guadarrama_NA_1854_33386717331__b.jpg
picture75,https://raw.githubusercontent.com/kampax/Fotos/main/Gastronomy/guadarrama_NA_1935_51979890584__b.jpg
picture76,https://raw.githubusercontent.com/kampax/Fotos/main/Gastronomy/guadarrama_NA_1935_51980168620__b.jpg
picture77,https://raw.githubusercontent.com/kampax/Fotos/main/Gastronomy/guadarrama_NA_1935_51980168770__b.jpg
picture78,https://raw.githubusercontent.com/kampax/Fotos/main/Gastronomy/guadarrama_NA_2057_24520796232__b.jpg
picture79,https://raw.githubusercontent.com/kampax/Fotos/main/Gastronomy/guadarrama_NA_2057_26369351540__b.jpg
picture80,https://raw.githubusercontent.com/kampax/Fotos/main/Gastronomy/ordesa_3_135310_1581328062914129920_image_FfIBfOTWIAIRVyk.jpg
picture81,https://raw.githubusercontent.com/kampax/Fotos/main/Gastronomy/peneda_1_305170_1476178885918212102_image_FHxw3TyXIAgQxk6.jpg
picture82,https://raw.githubusercontent.com/kampax/Fotos/main/Gastronomy/peneda_1_343086_1042801767480786944_image_DnjGokXXgAMsU4D.jpg
picture83,https://raw.githubusercontent.com/kampax/Fotos/main/Gastronomy/peneda_1_343086_1439580068624453634_image_E_pqcDFXIAMHcBp.jpg
picture84,https://raw.githubusercontent.com/kampax/Fotos/main/Gastronomy/peneda_1_343086_768491826265333760_image_Cqo7IEwXgAA2wX-.jpg
picture85,https://raw.githubusercontent.com/kampax/Fotos/main/Gastronomy/peneda_1_343086_786652939976859648_image_CurAp0LWAAAn2nY.jpg
picture86,https://raw.githubusercontent.com/kampax/Fotos/main/Gastronomy/peneda_1_363802_1540744017377239042_image_FWHShKdXwAE_Uni.jpg
picture87,https://raw.githubusercontent.com/kampax/Fotos/main/Gastronomy/peneda_1_373660_1566067862401417216_image_FbvKYRVXEAESwBX.jpg
picture88,https://raw.githubusercontent.com/kampax/Fotos/main/Gastronomy/picos_1_320358_1037703994536329216_image_DmaqRE8XgAAttfk.jpg
picture89,https://raw.githubusercontent.com/kampax/Fotos/main/Gastronomy/picos_1_326635_1517200565461266435_image_FQ4t3boXwAI-w_y.jpg
picture90,https://raw.githubusercontent.com/kampax/Fotos/main/Gastronomy/picos_1_423996_870627856593846273_image_DBUXa6aW0AU3AZ8.jpg
picture91,https://raw.githubusercontent.com/kampax/Fotos/main/Gastronomy/picos_1_489325_1278460690571943938_image_Eb4BNEbXkAEvDIU.jpg
picture92,https://raw.githubusercontent.com/kampax/Fotos/main/Gastronomy/picos_1_489325_1278460690571943938_image_Eb4BNEWXQAAH-TV.jpg
picture93,https://raw.githubusercontent.com/kampax/Fotos/main/Gastronomy/picos_1_500651_1073493848964456448_image_DuXQ6COWsAADlxw.jpg
picture94,https://raw.githubusercontent.com/kampax/Fotos/main/Gastronomy/snev_NA_1507_52920446082__b.jpg
picture95,https://raw.githubusercontent.com/kampax/Fotos/main/Gastronomy/snev_NA_1508_52676843612__b.jpg
picture96,https://raw.githubusercontent.com/kampax/Fotos/main/Gastronomy/snev_NA_1508_52677851978__b.jpg
picture97,https://raw.githubusercontent.com/kampax/Fotos/main/Urban_Rural/11013353783.jpg
picture98,https://raw.githubusercontent.com/kampax/Fotos/main/Urban_Rural/12196057413.jpg
picture99,https://raw.githubusercontent.com/kampax/Fotos/main/Urban_Rural/13702059565.jpg
picture100,https://raw.githubusercontent.com/kampax/Fotos/main/Urban_Rural/13929425832.jpg
picture101,https://raw.githubusercontent.com/kampax/Fotos/main/Urban_Rural/14084751684.jpg
picture102,https://raw.githubusercontent.com/kampax/Fotos/main/Urban_Rural/14112731790.jpg
picture103,https://raw.githubusercontent.com/kampax/Fotos/main/Urban_Rural/1449088106.jpg
picture104,https://raw.githubusercontent.com/kampax/Fotos/main/Urban_Rural/14786114596.jpg
picture105,https://raw.githubusercontent.com/kampax/Fotos/main/Urban_Rural/1497165295.jpg
picture106,https://raw.githubusercontent.com/kampax/Fotos/main/Urban_Rural/15442971283.jpg
picture107,https://raw.githubusercontent.com/kampax/Fotos/main/Urban_Rural/15619313247.jpg
picture108,https://raw.githubusercontent.com/kampax/Fotos/main/Urban_Rural/16634794779.jpg
picture109,https://raw.githubusercontent.com/kampax/Fotos/main/Urban_Rural/16677294756_846b689733_k.jpg
picture110,https://raw.githubusercontent.com/kampax/Fotos/main/Urban_Rural/20333169184.jpg
picture111,https://raw.githubusercontent.com/kampax/Fotos/main/Urban_Rural/20761111853.jpg
picture112,https://raw.githubusercontent.com/kampax/Fotos/main/Urban_Rural/2271035051.jpg
picture113,https://raw.githubusercontent.com/kampax/Fotos/main/Urban_Rural/2378055917.jpg
picture114,https://raw.githubusercontent.com/kampax/Fotos/main/Urban_Rural/24974679470.jpg
picture115,https://raw.githubusercontent.com/kampax/Fotos/main/Urban_Rural/25050122871.jpg
picture116,https://raw.githubusercontent.com/kampax/Fotos/main/Urban_Rural/2760968254.jpg
picture117,https://raw.githubusercontent.com/kampax/Fotos/main/Urban_Rural/276306830.jpg
picture118,https://raw.githubusercontent.com/kampax/Fotos/main/Urban_Rural/27804011820.jpg
picture119,https://raw.githubusercontent.com/kampax/Fotos/main/Urban_Rural/29301256554.jpg
picture120,https://raw.githubusercontent.com/kampax/Fotos/main/Urban_Rural/30123504903.jpg
picture121,https://raw.githubusercontent.com/kampax/Fotos/main/Urban_Rural/30602368624.jpg
picture122,https://raw.githubusercontent.com/kampax/Fotos/main/Urban_Rural/31135205313.jpg
picture123,https://raw.githubusercontent.com/kampax/Fotos/main/Urban_Rural/31509457234.jpg
picture124,https://raw.githubusercontent.com/kampax/Fotos/main/Urban_Rural/33738244500.jpg
picture125,https://raw.githubusercontent.com/kampax/Fotos/main/Urban_Rural/352068515.jpg
picture126,https://raw.githubusercontent.com/kampax/Fotos/main/Urban_Rural/35412965651_a62b92584e_k.jpg
picture127,https://raw.githubusercontent.com/kampax/Fotos/main/Urban_Rural/4138830218.jpg
picture128,https://raw.githubusercontent.com/kampax/Fotos/main/Urban_Rural/4203318214.jpg
picture129,https://raw.githubusercontent.com/kampax/Fotos/main/Urban_Rural/429538222.jpg
picture130,https://raw.githubusercontent.com/kampax/Fotos/main/Urban_Rural/53736356798_d4d1225f21_k.jpg
picture131,https://raw.githubusercontent.com/kampax/Fotos/main/Urban_Rural/5374576198.jpg
picture132,https://raw.githubusercontent.com/kampax/Fotos/main/Urban_Rural/5413976599.jpg
picture133,https://raw.githubusercontent.com/kampax/Fotos/main/Urban_Rural/5478209759.jpg
picture134,https://raw.githubusercontent.com/kampax/Fotos/main/Urban_Rural/5834124185.jpg
picture135,https://raw.githubusercontent.com/kampax/Fotos/main/Urban_Rural/6654114971.jpg
picture136,https://raw.githubusercontent.com/kampax/Fotos/main/Urban_Rural/6902305517.jpg
picture137,https://raw.githubusercontent.com/kampax/Fotos/main/Urban_Rural/7502225488.jpg
picture138,https://raw.githubusercontent.com/kampax/Fotos/main/Urban_Rural/770991235.jpg
picture139,https://raw.githubusercontent.com/kampax/Fotos/main/Urban_Rural/8307174827.jpg
picture140,https://raw.githubusercontent.com/kampax/Fotos/main/Urban_Rural/8489534403.jpg
picture141,https://raw.githubusercontent.com/kampax/Fotos/main/Urban_Rural/8850450167.jpg
picture142,https://raw.githubusercontent.com/kampax/Fotos/main/Urban_Rural/9148456413.jpg
picture143,https://raw.githubusercontent.com/kampax/Fotos/main/Urban_Rural/9149270205.jpg
picture144,https://raw.githubusercontent.com/kampax/Fotos/main/Urban_Rural/snev_NA_4340_52696815546__b.jpg
picture145,https://raw.githubusercontent.com/kampax/Fotos/main/Sports/15599546104.jpg
picture146,https://raw.githubusercontent.com/kampax/Fotos/main/Sports/15788431654.jpg
picture147,https://raw.githubusercontent.com/kampax/Fotos/main/Sports/16025194702.jpg
picture148,https://raw.githubusercontent.com/kampax/Fotos/main/Sports/16437365613.jpg
picture149,https://raw.githubusercontent.com/kampax/Fotos/main/Sports/17172171200.jpg
picture150,https://raw.githubusercontent.com/kampax/Fotos/main/Sports/2260493241.jpg
picture151,https://raw.githubusercontent.com/kampax/Fotos/main/Sports/28452350043.jpg
picture152,https://raw.githubusercontent.com/kampax/Fotos/main/Sports/32713984264.jpg
picture153,https://raw.githubusercontent.com/kampax/Fotos/main/Sports/4531160205.jpg
picture154,https://raw.githubusercontent.com/kampax/Fotos/main/Sports/464119890.jpg
picture155,https://raw.githubusercontent.com/kampax/Fotos/main/Sports/5060576384.jpg
picture156,https://raw.githubusercontent.com/kampax/Fotos/main/Sports/52825600693.jpg
picture157,https://raw.githubusercontent.com/kampax/Fotos/main/Sports/52906887848.jpg
picture158,https://raw.githubusercontent.com/kampax/Fotos/main/Sports/5312671045.jpg
picture159,https://raw.githubusercontent.com/kampax/Fotos/main/Sports/5359924491.jpg
picture160,https://raw.githubusercontent.com/kampax/Fotos/main/Sports/5398378453.jpg
picture161,https://raw.githubusercontent.com/kampax/Fotos/main/Sports/5456589479.jpg
picture162,https://raw.githubusercontent.com/kampax/Fotos/main/Sports/5610806591.jpg
picture163,https://raw.githubusercontent.com/kampax/Fotos/main/Sports/5809060959.jpg
picture164,https://raw.githubusercontent.com/kampax/Fotos/main/Sports/6755881881.jpg
picture165,https://raw.githubusercontent.com/kampax/Fotos/main/Sports/6819505776.jpg
picture166,https://raw.githubusercontent.com/kampax/Fotos/main/Sports/6867504322.jpg
picture167,https://raw.githubusercontent.com/kampax/Fotos/main/Sports/7548591326.jpg
picture168,https://raw.githubusercontent.com/kampax/Fotos/main/Sports/8060287903.jpg
picture169,https://raw.githubusercontent.com/kampax/Fotos/main/Sports/8417220732.jpg
picture170,https://raw.githubusercontent.com/kampax/Fotos/main/Sports/8668667497.jpg
picture171,https://raw.githubusercontent.com/kampax/Fotos/main/Sports/8736198412.jpg
picture172,https://raw.githubusercontent.com/kampax/Fotos/main/Sports/8736198620.jpg
picture173,https://raw.githubusercontent.com/kampax/Fotos/main/Sports/8773404486.jpg
picture174,https://raw.githubusercontent.com/kampax/Fotos/main/Sports/9604720821.jpg
picture175,https://raw.githubusercontent.com/kampax/Fotos/main/Sports/aiguestortes_NA_1122_49351377802__b.jpg
picture176,https://raw.githubusercontent.com/kampax/Fotos/main/Sports/aiguestortes_NA_1125_27099593955__b.jpg
picture177,https://raw.githubusercontent.com/kampax/Fotos/main/Sports/aiguestortes_NA_1126_51684805793__b.jpg
picture178,https://raw.githubusercontent.com/kampax/Fotos/main/Sports/aiguestortes_NA_1201_48759714838__b.jpg
picture179,https://raw.githubusercontent.com/kampax/Fotos/main/Sports/aiguestortes_NA_1618_46828346005__b.jpg
picture180,https://raw.githubusercontent.com/kampax/Fotos/main/Sports/aiguestortes_NA_3014_28259335960__b.jpg
picture181,https://raw.githubusercontent.com/kampax/Fotos/main/Sports/aiguestortes_NA_324_50383883947__o.jpg
picture182,https://raw.githubusercontent.com/kampax/Fotos/main/Sports/aiguestortes_NA_4459_16837125793__b.jpg
picture183,https://raw.githubusercontent.com/kampax/Fotos/main/Sports/aiguestortes_NA_4459_17524873715__b.jpg
picture184,https://raw.githubusercontent.com/kampax/Fotos/main/Sports/aiguestortes_NA_4459_25443842564__b.jpg
picture185,https://raw.githubusercontent.com/kampax/Fotos/main/Sports/aiguestortes_NA_4460_29391709956__b.jpg
picture186,https://raw.githubusercontent.com/kampax/Fotos/main/Sports/granada_1027311_1027311_1594443186122133504_image_FiCZn1tWAAAyfZj.jpg
picture187,https://raw.githubusercontent.com/kampax/Fotos/main/Sports/granada_995012_995012_579253919345414144_image_CAnsXpqWwAAbtkT.jpg
picture188,https://raw.githubusercontent.com/kampax/Fotos/main/Sports/guadarrama_1_407382_1036200818981134336_image_DmFTIpxXsAAd2D1.jpg
picture189,https://raw.githubusercontent.com/kampax/Fotos/main/Sports/guadarrama_NA_1855_27591509251__b.jpg
picture190,https://raw.githubusercontent.com/kampax/Fotos/main/Sports/snev_NA_1995_53522665820__b.jpg
picture191,https://raw.githubusercontent.com/kampax/Fotos/main/Sports/snev_NA_2014_52953449856__b.jpg
picture192,https://raw.githubusercontent.com/kampax/Fotos/main/Sports/snev_NA_3355_52977386994__b.jpg
picture193,https://raw.githubusercontent.com/kampax/Fotos/main/Nature/10296965684.jpg
picture194,https://raw.githubusercontent.com/kampax/Fotos/main/Nature/11045590353.jpg
picture195,https://raw.githubusercontent.com/kampax/Fotos/main/Nature/11209657266.jpg
picture196,https://raw.githubusercontent.com/kampax/Fotos/main/Nature/11380973825.jpg
picture197,https://raw.githubusercontent.com/kampax/Fotos/main/Nature/12799412333.jpg
picture198,https://raw.githubusercontent.com/kampax/Fotos/main/Nature/14178069600.jpg
picture199,https://raw.githubusercontent.com/kampax/Fotos/main/Nature/15353004604.jpg
picture200,https://raw.githubusercontent.com/kampax/Fotos/main/Nature/20819737520.jpg
picture201,https://raw.githubusercontent.com/kampax/Fotos/main/Nature/24485487524.jpg
picture202,https://raw.githubusercontent.com/kampax/Fotos/main/Nature/25497852243.jpg
picture203,https://raw.githubusercontent.com/kampax/Fotos/main/Nature/27135893030.jpg
picture204,https://raw.githubusercontent.com/kampax/Fotos/main/Nature/27962492640.jpg
picture205,https://raw.githubusercontent.com/kampax/Fotos/main/Nature/28835199964.jpg
picture206,https://raw.githubusercontent.com/kampax/Fotos/main/Nature/29587381803.jpg
picture207,https://raw.githubusercontent.com/kampax/Fotos/main/Nature/29779331571.jpg
picture208,https://raw.githubusercontent.com/kampax/Fotos/main/Nature/31345675694.jpg
picture209,https://raw.githubusercontent.com/kampax/Fotos/main/Nature/389329615.jpg
picture210,https://raw.githubusercontent.com/kampax/Fotos/main/Nature/4735368615.jpg
picture211,https://raw.githubusercontent.com/kampax/Fotos/main/Nature/5377887244.jpg
picture212,https://raw.githubusercontent.com/kampax/Fotos/main/Nature/5718635204.jpg
picture213,https://raw.githubusercontent.com/kampax/Fotos/main/Nature/6321396295.jpg
picture214,https://raw.githubusercontent.com/kampax/Fotos/main/Nature/6851223538.jpg
picture215,https://raw.githubusercontent.com/kampax/Fotos/main/Nature/6975890629.jpg
picture216,https://raw.githubusercontent.com/kampax/Fotos/main/Nature/8564209455.jpg
picture217,https://raw.githubusercontent.com/kampax/Fotos/main/Nature/8698830822.jpg
picture218,https://raw.githubusercontent.com/kampax/Fotos/main/Nature/8858979425.jpg
picture219,https://raw.githubusercontent.com/kampax/Fotos/main/Nature/8952667967.jpg
picture220,https://raw.githubusercontent.com/kampax/Fotos/main/Nature/8995514772.jpg
picture221,https://raw.githubusercontent.com/kampax/Fotos/main/Nature/9412614255.jpg
picture222,https://raw.githubusercontent.com/kampax/Fotos/main/Nature/aiguestortes_NA_1049_33584839821__b.jpg
picture223,https://raw.githubusercontent.com/kampax/Fotos/main/Nature/aiguestortes_NA_1049_50075464241__b.jpg
picture224,https://raw.githubusercontent.com/kampax/Fotos/main/Nature/aiguestortes_NA_1050_18618052829__b.jpg
picture225,https://raw.githubusercontent.com/kampax/Fotos/main/Nature/aiguestortes_NA_1131_52232179920__b.jpg
picture226,https://raw.githubusercontent.com/kampax/Fotos/main/Nature/aiguestortes_NA_1194_22150127588__b.jpg
picture227,https://raw.githubusercontent.com/kampax/Fotos/main/Nature/aiguestortes_NA_1194_29909772915__b.jpg
picture228,https://raw.githubusercontent.com/kampax/Fotos/main/Nature/aiguestortes_NA_1195_49217024778__b.jpg
picture229,https://raw.githubusercontent.com/kampax/Fotos/main/Nature/aiguestortes_NA_1268_44063678315__b.jpg
picture230,https://raw.githubusercontent.com/kampax/Fotos/main/Nature/aiguestortes_NA_1343_36572134772__b.jpg
picture231,https://raw.githubusercontent.com/kampax/Fotos/main/Nature/aiguestortes_NA_1634_50257080848__b.jpg
picture232,https://raw.githubusercontent.com/kampax/Fotos/main/Nature/aiguestortes_NA_1634_51414708962__b.jpg
picture233,https://raw.githubusercontent.com/kampax/Fotos/main/Nature/aiguestortes_NA_3469_52205018429__b.jpg
picture234,https://raw.githubusercontent.com/kampax/Fotos/main/Nature/aiguestortes_NA_4718_26783101944__b.jpg
picture235,https://raw.githubusercontent.com/kampax/Fotos/main/Nature/granada_977255_977255_582481027362373632_image_CBVjWZgWoAAdLHk.jpg
picture236,https://raw.githubusercontent.com/kampax/Fotos/main/Nature/snev_NA_1029_53590143179__b.jpg
picture237,https://raw.githubusercontent.com/kampax/Fotos/main/Nature/snev_NA_1799_52998787588__b.jpg
picture238,https://raw.githubusercontent.com/kampax/Fotos/main/Nature/snev_NA_2673_52984239869__b.jpg
picture239,https://raw.githubusercontent.com/kampax/Fotos/main/Nature/snev_NA_3360_53003379722__b.jpg
picture240,https://raw.githubusercontent.com/kampax/Fotos/main/Nature/snev_NA_3364_52619871045__b.jpg
picture241,https://raw.githubusercontent.com/kampax/Fotos/main/Cultural_Religious/10805304366.jpg
picture242,https://raw.githubusercontent.com/kampax/Fotos/main/Cultural_Religious/1162978702214516736.jpg
picture243,https://raw.githubusercontent.com/kampax/Fotos/main/Cultural_Religious/1277142094398840832.jpg
picture244,https://raw.githubusercontent.com/kampax/Fotos/main/Cultural_Religious/15823750999.jpg
picture245,https://raw.githubusercontent.com/kampax/Fotos/main/Cultural_Religious/16535577693.jpg
picture246,https://raw.githubusercontent.com/kampax/Fotos/main/Cultural_Religious/2431316017.jpg
picture247,https://raw.githubusercontent.com/kampax/Fotos/main/Cultural_Religious/24481343011.jpg
picture248,https://raw.githubusercontent.com/kampax/Fotos/main/Cultural_Religious/26621116673.jpg
picture249,https://raw.githubusercontent.com/kampax/Fotos/main/Cultural_Religious/28737082600.jpg
picture250,https://raw.githubusercontent.com/kampax/Fotos/main/Cultural_Religious/2915659429.jpg
picture251,https://raw.githubusercontent.com/kampax/Fotos/main/Cultural_Religious/2922086549.jpg
picture252,https://raw.githubusercontent.com/kampax/Fotos/main/Cultural_Religious/3038539021.jpg
picture253,https://raw.githubusercontent.com/kampax/Fotos/main/Cultural_Religious/33971254391.jpg
picture254,https://raw.githubusercontent.com/kampax/Fotos/main/Cultural_Religious/3713999455.jpg
picture255,https://raw.githubusercontent.com/kampax/Fotos/main/Cultural_Religious/3739894816.jpg
picture256,https://raw.githubusercontent.com/kampax/Fotos/main/Cultural_Religious/4901087398.jpg
picture257,https://raw.githubusercontent.com/kampax/Fotos/main/Cultural_Religious/5054297177.jpg
picture258,https://raw.githubusercontent.com/kampax/Fotos/main/Cultural_Religious/51012767325.jpg
picture259,https://raw.githubusercontent.com/kampax/Fotos/main/Cultural_Religious/53239733758.jpg
picture260,https://raw.githubusercontent.com/kampax/Fotos/main/Cultural_Religious/7588068292.jpg
picture261,https://raw.githubusercontent.com/kampax/Fotos/main/Cultural_Religious/8318142634.jpg
picture262,https://raw.githubusercontent.com/kampax/Fotos/main/Cultural_Religious/aiguestortes_NA_1699_17013527431__b.jpg
picture263,https://raw.githubusercontent.com/kampax/Fotos/main/Cultural_Religious/aiguestortes_NA_1699_31570171480__b.jpg
picture264,https://raw.githubusercontent.com/kampax/Fotos/main/Cultural_Religious/aiguestortes_NA_2098_29246924953__b.jpg
picture265,https://raw.githubusercontent.com/kampax/Fotos/main/Cultural_Religious/aiguestortes_NA_2170_16999978429__b.jpg
picture266,https://raw.githubusercontent.com/kampax/Fotos/main/Cultural_Religious/aiguestortes_NA_2454_20067987089__b.jpg
picture267,https://raw.githubusercontent.com/kampax/Fotos/main/Cultural_Religious/aiguestortes_NA_2527_19286247890__b.jpg
picture268,https://raw.githubusercontent.com/kampax/Fotos/main/Cultural_Religious/aiguestortes_NA_2527_32262604975__b.jpg
picture269,https://raw.githubusercontent.com/kampax/Fotos/main/Cultural_Religious/aiguestortes_NA_2580_31872054926__b.jpg
picture270,https://raw.githubusercontent.com/kampax/Fotos/main/Cultural_Religious/aiguestortes_NA_2580_50218010016__b.jpg
picture271,https://raw.githubusercontent.com/kampax/Fotos/main/Cultural_Religious/aiguestortes_NA_3975_37960765414__b.jpg
picture272,https://raw.githubusercontent.com/kampax/Fotos/main/Cultural_Religious/aiguestortes_NA_3975_51988547548__b.jpg
picture273,https://raw.githubusercontent.com/kampax/Fotos/main/Cultural_Religious/granada_NA_1515_33934289590__b.jpg
picture274,https://raw.githubusercontent.com/kampax/Fotos/main/Cultural_Religious/granada_NA_1568_17294444448__b.jpg
picture275,https://raw.githubusercontent.com/kampax/Fotos/main/Cultural_Religious/granada_NA_1568_17732287191__b.jpg
picture276,https://raw.githubusercontent.com/kampax/Fotos/main/Cultural_Religious/guadarrama_NA_1124_29118201421__b.jpg
picture277,https://raw.githubusercontent.com/kampax/Fotos/main/Cultural_Religious/guadarrama_NA_1848_48864312458__b.jpg
picture278,https://raw.githubusercontent.com/kampax/Fotos/main/Cultural_Religious/guadarrama_NA_1929_29908421844__b.jpg
picture279,https://raw.githubusercontent.com/kampax/Fotos/main/Cultural_Religious/guadarrama_NA_1935_16796227519__b.jpg
picture280,https://raw.githubusercontent.com/kampax/Fotos/main/Cultural_Religious/guadarrama_NA_1935_20526936690__b.jpg
picture281,https://raw.githubusercontent.com/kampax/Fotos/main/Cultural_Religious/guadarrama_NA_1935_35308775206__b.jpg
picture282,https://raw.githubusercontent.com/kampax/Fotos/main/Cultural_Religious/guadarrama_NA_1935_49027953807__b.jpg
picture283,https://raw.githubusercontent.com/kampax/Fotos/main/Cultural_Religious/guadarrama_NA_1936_48448089982__b.jpg
picture284,https://raw.githubusercontent.com/kampax/Fotos/main/Cultural_Religious/guadarrama_NA_1976_24165726928__b.jpg
picture285,https://raw.githubusercontent.com/kampax/Fotos/main/Cultural_Religious/guadarrama_NA_1976_24235274638__b.jpg
picture286,https://raw.githubusercontent.com/kampax/Fotos/main/Cultural_Religious/guadarrama_NA_2055_21223806790__b.jpg
picture287,https://raw.githubusercontent.com/kampax/Fotos/main/Cultural_Religious/guadarrama_NA_2055_21224615179__b.jpg
picture288,https://raw.githubusercontent.com/kampax/Fotos/main/Cultural_Religious/snev_NA_8801_53429464755__b.jpg
